{
    "name": "jssor-slider",
    "repo": "jssor/slider",
    "description": "touch swipe image slider/slideshow/gallery/carousel/banner mobile responsive bootstrap",
    "version": "28.1.0",
    "homepage": "https://www.jssor.com",
    "keywords": [
        "javascript",
        "slider",
        "carousel",
        "slideshow",
        "gallery",
        "html5 ad",
        "banner",
        "photo",
        "image",
        "picture",
        "content",
        "text",
        "layer",
        "animation",
        "js",
        "mobile",
        "responsive",
        "front-end",
        "touch",
        "swipe",
        "web",
        "website",
        "web page"
    ],
    "development": {},
    "scripts": [
        "js/jssor.slider.min.js"
    ],
    "license": "MIT"
}